{
  "$schema": "https://raw.githubusercontent.com/grafana/grafana/master/docs/sources/developers/plugins/plugin.schema.json",
  "type": "panel",
  "name": "Videov3",
  "id": "helios-videov3-panel",
  "info": {
    "keywords": ["panel"],
    "description": "V3",
    "author": {
      "name": "Helios"
    },
    "logos": {
      "small": "img/logo.svg",
      "large": "img/logo.svg"
    },
    "links": [],
    "screenshots": [],
    "version": "%VERSION%",
    "updated": "%TODAY%"
  },
  "dependencies": {
    "grafanaDependency": ">=9.2.5",
    "plugins": []
  }
}
